번호,사업장명,소재지전체주소,도로명전체주소,개업일자,영업상태명,폐업일자,휴업시작일자,휴업종료일자,재개업일자,소재지면적,소재지우편번호,입소정원,자격소유인원수,총인원수,위치정보(X),위치정보(Y),상세영업상태명
1,하늘정원실버케어,서울특별시 서대문구 홍제동 361-57번지 ,,20091130,운영중,,,,,,,18,9,13,194303.954462       ,453593.870967       ,운영
2,삼성요양원,서울특별시 관악구 신림동 ,,20160127,운영중,,,,,,,13,4,5,,,운영
3,사랑가득 요양원,서울특별시 금천구 독산동 영재빌딩 ,,20161101,운영중,,,,,,,43,,21,,,운영
4,상계요양원,서울특별시 노원구 상계동 ,,20170613,운영중,,,,,,,82,,48,,,운영
5,A+도봉재활요양원,서울특별시 도봉구 방학동 ,,20150521,운영중,,,,,,,41,21,3,,,운영
6,종로시니어스타워,서울특별시 종로구 홍지동 ,,20150817,운영중,,,,,,,77,17,17,,,운영
7,상봉요양원요양센터,서울특별시 중랑구 망우동 ,,20150731,운영중,,,,,,,54,25,9,,,운영
8,둥지요양원,서울특별시 성북구 하월곡동 1호,,20160428,운영중,,,,,,,20,,,,,운영
9,마더노인요양센터,서울특별시 강동구 길동 ,,20161209,운영중,,,,,,,29,4,1,,,운영
10,한가람요양원,서울특별시 강서구 등촌동 ,,20170213,운영중,,,,,,,20,,,,,운영
11,다애요양원,"서울특별시 성북구 돈암동 한진아파트스포츠센터동 5305,5306호",,20170317,운영중,,,,,,,36,,,,,운영
12,다사랑요양원,서울특별시 도봉구 도봉동 ,,20150921,운영중,,,,,,,60,,,,,운영
13,효림노인요양센터,서울특별시 서대문구 충정로3가 1-38번지 ,,20071203,운영중,,,,,,,21,14,16,196474.724821       ,451340.706886       ,운영
14,사랑요양원,서울특별시 구로구 고척동 ,,20160425,운영중,,,,,,,9,,,,,
15,영지요양원,서울특별시 중랑구 면목동 ,,20160825,운영중,,,,,,,37,,,,,운영
16,은평실버랜드요양원,서울특별시 은평구 갈현동 ,,20160704,운영중,,,,,,,34,19,3,,,운영
17,신월실버요양원,서울특별시 양천구 신월동 ,,20160901,운영중,,,,,,,75,,6,,,운영
18,서울숲요양원,서울특별시 관악구 신림동 ,,20161020,운영중,,,,,,,99,,,,,운영
19,나이팅게일너싱홈,서울특별시 동작구 사당동 ,,20161107,운영중,,,,,,,22,,,,,
20,실버캐슬요양타운,서울특별시 양천구 신월동 ,,20170301,운영중,,,,,,,49,,33,,,운영
21,경복궁요양센터,서울특별시 송파구 마천동 ,,20170310,운영중,,,,,,,46,,32,,,운영
22,강북실버종합복지센터,서울특별시 강북구 미아동 ,,20130516,운영중,,,,,,,112,,7,,,운영
23,푸른요양원1호점,서울특별시 강북구 수유동 ,,20100716,운영중,,,,,,,27,1,3,,,운영
24,푸른요양원,서울특별시 강북구 수유동 47-11번지 ,,20100720,운영중,,,,,,,0,,,201748.6543         ,459171.523298       ,운영
25,효심노인복지센터,서울특별시 강북구 수유동 482-65번지 5층 및 지층 ,,20100303,운영중,,,,,,,21,1,8,201439.042815       ,458572.67638        ,운영
26,행복한노인요양원,서울특별시 강북구 수유동 47-52번지 2층 ,,20100301,운영중,,,,,,,36,2,8,201704.450479       ,459149.604395       ,운영
27,수유요양원,서울특별시 강북구 수유동 338-5번지 4층 ,,20100301,운영중,,,,,,,15,1,9,201415.810113       ,460024.404016       ,운영
28,민영요양센터,서울특별시 강북구 미아동 703-13번지 유유빌딩 501호 ,,20100301,운영중,,,,,,,18,1,9,201807.838931       ,457546.401262       ,운영
29,거목노인요양원(3),서울특별시 강북구 수유동 273-64번지 3층 ,,20100301,운영중,,,,,,,19,1,6,201396.354357       ,460584.002573       ,운영
30,e-포근한 요양원,서울특별시 강북구 미아동 189-6번지 ,,20090105,운영중,,,,,,,25,0,0,202061.252065       ,458882.073021       ,운영
31,강북할렐루야천사의집,서울특별시 강북구 미아동 131-6번지 ,,20080110,운영중,,,,,,,49,8,42,202443.441398       ,457708.146945       ,운영
32,강북노인전문요양원,서울특별시 강북구 수유동 399-23번지 ,,20080229,운영중,,,,,,,80,20,48,201511.289066       ,459355.453215       ,운영
33,그레이스 센터,서울특별시 마포구 연남동 ,,20130401,운영중,,,,,,,28,16,1,,,운영
34,은혜요양원2호점,경기도 부천시 원미구 상동 광장프라자 6층 ,,20100301,운영중,,,,,,,0,,,,,운영
35,마포노인복지센터(노인요양),서울특별시 마포구 공덕동 26-12번지 ,,20100301,운영중,,,,,,,14,2,8,196348.130227       ,449723.150882       ,운영
36,은혜실버홈유료노인요양센터,서울특별시 마포구 연남동 229-72번지 ,,20080324,운영중,,,,,,,30,4,12,193241.049642       ,451236.623678       ,운영
37,시립서부노인전문요양센터,서울특별시 마포구 성산동 ,,20080613,운영중,,,,,,,270,0,0,,,운영
38,동부참사랑요양원,서울특별시 광진구 화양동 ,,20111201,운영중,,,,,,,116,9,10,,,운영
39,광진원광실버센터,서울특별시 광진구 구의동 ,,20120316,운영중,,,,,,,15,2,2,,,운영
40,므두셀라실버타운,서울특별시 광진구 중곡동 41-16번지 ,,20100903,운영중,,,,,,,39,1,6,207180.302836       ,451008.598215       ,운영
41,워커힐실버타운,서울특별시 광진구 구의동 16-3번지 외 10필지 ,,20111020,운영중,,,,20180305,,,122,2,23,208558.349406       ,449841.665708       ,운영
42,광진노인요양센터(광진노인종합복지관병설),서울특별시 광진구 군자동 364-15번지 광진노인종합복지관 ,,20100301,운영중,,,,,,,11,,,206249.971158       ,449875.503276       ,운영
43,광진노인요양센터,서울특별시 광진구 군자동 364-15번지 광진노인종합복지관 ,,20100301,운영중,,,,,,,26,,,206249.971158       ,449875.503276       ,운영
44,광진좋은너싱홈,서울특별시 광진구 중곡동 123-6번지 이안빌딩2층 ,,20100301,운영중,,,,,,,20,,,207682.44088        ,450531.122243       ,운영
45,예지실버요양센터,서울특별시 광진구 구의동 596-6번지 삼진빌딩 6층 ,,20100301,운영중,,,,,,,19,,,208000.4254         ,447967.273332       ,운영
46,가족사랑대자연요양센터,서울특별시 광진구 광장동 148번지 ,,20100301,운영중,,,,,,,66,,,,,운영
47,혜민실버타운,서울특별시 광진구 자양동 627번지 ,,20100301,운영중,,,,,,,43,,,207284.713198       ,448121.887248       ,운영
48,광진한울촌노인요양시설,서울특별시 광진구 군자동 346-24번지 ,,20100301,운영중,,,,,,,93,,,206166.470654       ,449770.343098       ,운영
49,워커힐케어센터,서울특별시 광진구 광장동 대오빌딩 ,,20130826,운영중,,,,,,,138,5,2,,,운영
50,사랑재 요양원,서울특별시 광진구 구의동 ,,20140814,운영중,,,,,,,74,7,7,,,운영
51,가족사랑 대자연 요양센터,서울특별시 광진구 광장동 148-11번지 대오빌딩 6층 ,,20091218,운영중,,,,,,,14,3,4,209506.549403       ,449634.030106       ,운영
52,강변워커힐케어센터,서울특별시 광진구 광장동 148-11번지 ,,20091009,운영중,,,,,,,25,4,4,209506.549403       ,449634.030106       ,운영
53,강변 워커힐 케어센타,서울특별시 광진구 광장동 148-11번지 ,,20091007,운영중,,,,,,,24,3,4,209506.549403       ,449634.030106       ,운영
54,혜민실버타운,서울특별시 광진구 자양동 627-1528번지 ,,20090624,운영중,,,,,,,26,3,4,,,운영
55,한울촌너싱홈,서울특별시 광진구 능동 255-13번지 ,,20080813,운영중,,,,,,,9,4,5,207600.767908       ,450164.045524       ,운영
56,한울촌노인요양시설,서울특별시 광진구 군자동 346-24번지 ,,20090106,운영중,,,,,,,29,3,5,206166.470654       ,449770.343098       ,운영
57,광진소규모요양시설,서울특별시 광진구 구의동 30-25번지 ,,20080603,운영중,,,,,,,29,3,4,208097.591572       ,450096.661384       ,운영
58,휴림실버요양센터,서울특별시 구로구 가리봉동 ,,20150612,운영중,,,,,,,150,3,6,,,운영
59,수색실버케어,서울특별시 은평구 수색동 ,,20150817,운영중,,,,,,,67,,,,,운영
60,햇살요양원,서울특별시 강서구 등촌동 ,,20160318,운영중,,,,,,,46,15,3,,,운영
61,효드림요양원,서울특별시 서대문구 북가좌동 ,,20160706,운영중,,,,,,,29,13,14,,,운영
62,하나요양원,서울특별시 금천구 가산동 ,,20180301,운영중,,,,,,,49,,,,,운영
63,길재활요양원,서울특별시 강북구 수유동 ,,20180206,운영중,,,,,,,71,10,10,,,운영
64,정릉노인요양원,서울특별시 성북구 정릉동 ,,20180320,운영중,,,,,,,44,,,,,운영
65,그린케어요양센터,서울특별시 구로구 고척동 강산메디칼프라자 ,,20180701,운영중,,,,,,,29,13,13,,,운영
66,엘림노인요양원,서울특별시 서초구 내곡동 88-16번지 ,,20100816,운영중,,,,,,,16,1,9,205805.006847       ,438861.846383       ,운영
67,구립서초노인요양센터,서울특별시 서초구 서초동 ,,20110113,운영중,,,,,,,200,,,,,운영
68,함춘요양원,서울특별시 서초구 양재동 402-3번지 ,,20110418,운영중,,,,,,,48,1,29,204359.793081       ,441088.951603       ,운영
69,서초성심노인복지센터,서울특별시 서초구 서초동 1558-15번지 ,,20100301,운영중,,,,20170901,,,29,,23,200975.787056       ,443148.388839       ,운영
70,장생시니어타운,서울특별시 서초구 반포동 707-9번지 ,,20100407,운영중,,,,,,,45,1,,201805.326291       ,445264.136589       ,운영
71,반포해피실버빌,서울특별시 서초구 잠원동 76-8번지 ,,20091020,운영중,,,,,,,40,4,3,200013.96194        ,444948.072618       ,운영
72,실버릿지서초센터,서울특별시 서초구 서초동 1434-7번지 ,,20020425,운영중,,,,,,,24,0,15,202001.571418       ,442457.460616       ,운영
73,낮은소리의집,서울특별시 서초구 신원동 501-12번지 ,,20051219,운영중,,,,,,,20,1,4,204386.748584       ,439260.095714       ,운영
74,방배실버케어,서울특별시 서초구 방배동 902-1번지 ,,20060314,운영중,,,,,,,14,4,10,199519.489703       ,442590.57381        ,운영
75,낮은소리의집,서울특별시 서초구 염곡동 217-5번지 ,,20070521,운영중,,,,,,,9,2,9,205050.209305       ,439422.71597        ,운영
76,실버릿지ICC,서울특별시 서초구 서초동 1440-2번지 ,,20040501,운영중,,,,,,,20,0,15,201866.613751       ,442621.319309       ,운영
77,시립중랑노인전문요양원,서울특별시 중랑구 망우동 시립중랑노인전문요양원 ,,20150301,운영중,,,,,,,165,,,,,운영
78,상봉요양원,서울특별시 중랑구 망우동 410-1번지 상아빌딩 5층 ,,20100503,운영중,,,,,,,23,,12,208781.999419       ,454740.626924       ,운영
79,한세노인복지센터,서울특별시 중랑구 신내동 544-1번지 3층 ,,20110328,운영중,,,,,,,29,1,3,208425.105123       ,455718.843502       ,운영
80,효림노인요양원,"서울특별시 중랑구 중화동 210-17번지 5,6층 ",,20100301,운영중,,,,,,,29,,,206264.851978       ,454540.796124       ,운영
81,유린원광노인요양원,서울특별시 중랑구 신내동 ,,20100301,운영중,,,,,,,87,,,,,운영
82,상봉너싱홈,서울특별시 중랑구 상봉동 125-68번지 ,,20080218,운영중,,,,,,,9,2,5,207169.501342       ,454408.54343        ,운영
83,시립중랑노인전문요양원,서울특별시 중랑구 망우동 227번지 ,,20060315,운영중,,,,,,,165,0,90,209440.492707       ,455783.882626       ,운영
84,서울꽃동네신내노인요양원,서울특별시 중랑구 신내동 642번지 ,,20010511,운영중,,,,,,,234,67,67,208314.818616       ,457098.936902       ,운영
85,수요양원,서울특별시 노원구 상계동 ,,20140401,운영중,,,,,,,9,5,3,,,
86,노원요양복지원,서울특별시 노원구 상계동 370-2번지 ,,20130611,운영중,,,,,,,45,6,6,205777.854351       ,461724.781923       ,운영
87,길요양원,서울특별시 노원구 중계동 434-2번지 현대종합상사 4층 ,,20131007,운영중,,,,,,,80,5,1,206415.545087       ,461546.032266       ,운영
88,서울실버케어노인요양원,서울특별시 노원구 상계동 ,,20110901,운영중,,,,,,,45,1,8,,,운영
89,러빙케어,서울특별시 노원구 상계동 581-2번지 러빙케어 ,,20100301,운영중,,,,,,,28,1,10,205368.388443       ,461774.111086       ,운영
90,평화행복한실버요양센터,서울특별시 노원구 중계동 ,,20100301,운영중,,,,,,,14,2,7,,,운영
91,행복한요양원,서울특별시 노원구 상계동 1019-6번지 ,,20100301,운영중,,,,,,,43,2,17,205011.202791       ,463359.366103       ,운영
92,노원실버센터,서울특별시 노원구 공릉동 323-15번지 ,,20100601,운영중,,,,,,,87,3,39,206225.902659       ,458382.598969       ,운영
93,늘사랑실버센터,서울특별시 노원구 상계동 450번지 교림프라자 5층 ,,20100726,운영중,,,,,,,80,2,30,205978.185784       ,462367.006783       ,운영
94,구립하계실버센터,서울특별시 노원구 하계동 357번지 ,,20071105,운영중,,,,,,,76,12,42,205596.695084       ,458975.496775       ,운영
95,영기노인요양원,서울특별시 노원구 상계동 1266번지 ,,20050125,운영중,,,,,,,83,8,32,204946.188636       ,464241.922622       ,운영
96,선의케어센터,서울특별시 노원구 상계동 711-12번지 ,,20050501,운영중,,,,,,,90,10,46,205211.963702       ,461437.853953       ,운영
97,시립중계노인전문요양원,서울특별시 노원구 중계동 501-1번지 ,,19951110,운영중,,,,,,,258,30,115,205370.102653       ,460101.274193       ,운영
98,시립노인요양원,서울특별시 노원구 상계동 산 51번지 ,,19821213,운영중,,,,,,,70,13,31,205911.424214       ,464522.768676       ,운영
99,금천구립사랑채요양원,서울특별시 금천구 시흥동 ,,20130711,운영중,,,,,,,72,,,,,운영
100,실버밸리요양원,서울특별시 금천구 가산동 ,,20131201,운영중,,,,,,,49,21,,,,운영
101,실버캐슬 요양타운,"서울특별시 금천구 독산동 영재빌딩, 2~5층 ",,20141001,운영중,,,,,,,43,,23,,,운영
102,엘림요양원,서울특별시 금천구 가산동 ,,20120821,운영중,,,,,,,23,3,,,,운영
103,실버캐슬 요양타운,"서울특별시 금천구 독산동 378-392번지 2,3,4,5층 ",,20100111,운영중,,,,,,,37,11,15,191361.120727       ,440253.627782       ,운영
104,로뎀복지요양원,서울특별시 금천구 시흥동 995-14번지 ,,20100225,운영중,,,,,,,39,2,6,191044.395437       ,439040.808647       ,운영
105,나눔노인복지센터,"서울특별시 금천구 시흥동 889-8번지 비즈메드 11, 12층 ",,20100301,운영중,,,,,,,35,19,26,191234.143902       ,438993.253765       ,운영
106,(재)다솜이재단 다솜누리 요양센터,서울특별시 금천구 독산동 159-23번지 영진빌딩 6층 ,,20100301,운영중,,,,,,,14,6,7,190977.3116         ,441050.381486       ,운영
107,실버밸리 노인복지센터,서울특별시 금천구 가산동 150-2번지 신평대일타운 7층 ,,20100301,운영중,,,,,,,29,11,11,190498.327387       ,441516.527946       ,운영
108,실버캐슬 사랑마을,서울특별시 금천구 독산동 378-392번지 영재빌딩 2층 ,,20100301,운영중,,,,,,,14,5,8,191361.120727       ,440253.627782       ,운영
109,실버캐슬 행복마을,서울특별시 금천구 독산동 378-392번지 영재빌딩 5층 ,,20100301,운영중,,,,,,,16,,8,191361.120727       ,440253.627782       ,운영
110,임원요양원,서울특별시 금천구 독산동 959-23번지 ,,20100301,운영중,,,,,,,75,,18,191399.035388       ,441861.462958       ,운영
111,효원요양센터,서울특별시 금천구 독산동 1006-77번지 B동 1층 ,,20100305,운영중,,,,,,,27,6,6,190594.769285       ,440319.28112        ,운영
112,임원 효 요양원,서울특별시 금천구 독산동 959-23번지 ,,20090701,운영중,,,,,,,46,3,3,191399.035388       ,441861.462958       ,운영
113,참조은요양원,서울특별시 금천구 독산동 331-39번지 ,,20091127,운영중,,,,,,,31,8,9,190559.63708        ,440511.152773       ,운영
114,국제실버센터,서울특별시 금천구 독산동 1070-2번지 ,,20080130,운영중,,,,,,,15,6,16,191130.876721       ,439933.675486       ,운영
115,실버밸리 요양원,서울특별시 금천구 가산동 150-2번지 ,,20080331,운영중,,,,,,,41,12,14,190498.327387       ,441516.527946       ,운영
116,실버캐슬 노인요양원,서울특별시 금천구 독산동 149-51번지 ,,20080530,운영중,,,,,,,0,6,14,190843.32867        ,441205.086299       ,운영
117,남부실버요양센터 다솔관,서울특별시 금천구 독산동 1006-77번지 ,,20080731,운영중,,,,,,,63,27,28,190594.769285       ,440319.28112        ,운영
118,금천삼성노인요양원,서울특별시 금천구 독산동 991-44번지 ,,20071106,운영중,,,,,,,22,5,10,191387.70836        ,441165.016528       ,운영
119,실버캐슬노인요양원 금천점,서울특별시 금천구 독산동 378-392번지 ,,20080108,운영중,,,,,,,0,2,5,191361.120727       ,440253.627782       ,운영
120,남부실버요양원,서울특별시 금천구 독산동 1006-80번지 ,,20051206,운영중,,,,,,,28,4,10,190620.264539       ,440334.069105       ,운영
121,가람요양센터,서울특별시 금천구 시흥동 959-5번지 ,,20061027,운영중,,,,,,,8,6,11,191599.757743       ,437527.140799       ,운영
122,노인요양센터 인영실버,서울특별시 금천구 시흥동 인영실버빌딩 ,,20040923,운영중,,,,20140706,,,96,3,4,,,운영
123,인자인케어센터,서울특별시 종로구 평창동 398-5번지 ,,20100701,운영중,,,,,,,42,,,196989.378087       ,456724.70928        ,운영
124,평창동시니어센터,서울특별시 종로구 평창동 553-5번지 ,,20101125,운영중,,,,,,,68,,,196900.258232       ,456471.022126       ,운영
125,아름다운뜰안에 요양원,서울특별시 종로구 평창동 523-38번지 ,,20110816,운영중,,,,,,,38,1,4,197130.55921        ,456579.073494       ,운영
126,서울여자간호대학교 휴먼캐슬,서울특별시 종로구 평창동 ,,20130530,운영중,,,,,,,38,23,,,,운영
127,세검정실버홈,서울특별시 종로구 평창동 ,,20140206,운영중,,,,,,,23,13,15,,,운영
128,아름다운실버홈,서울특별시 종로구 평창동 552-7번지 ,,20060822,운영중,,,,20131105,,,16,16,18,196877.199388       ,456687.46846        ,운영
129,실버갤러리 은성,서울특별시 종로구 평창동 398-5번지 ,,20070615,운영중,,,,,,,46,23,23,196989.378087       ,456724.70928        ,운영
130,세검정실버홈,서울특별시 종로구 평창동 296-8번지 ,,20080401,운영중,,,,,,,23,17,22,196725.525237       ,455931.45591        ,운영
131,실버케어스평창,서울특별시 종로구 평창동 451-21번지 ,,20031101,운영중,,,,,,,41,23,28,197919.247006       ,456851.634244       ,운영
132,청운노인요양원,서울특별시 종로구 구기동 216번지 ,,19961101,운영중,,,,,,,45,7,12,195943.878624       ,456962.178037       ,운영
133,효담요양원,서울특별시 서대문구 홍은동 ,,20151208,운영중,,,,,,,70,41,42,193998.104669       ,453150.854122       ,운영
134,강일성모노인요양원,서울특별시 강동구 강일동 ,,20151202,운영중,,,,,,,94,18,7,,,운영
135,서울시립영보노인요양원,경기도 용인시 처인구 이동면 ,,20130905,운영중,,,,,,,92,,,,,
136,보라매요양원,서울특별시 동작구 신대방동 345-10번지 ,,20101230,운영중,,,,,,,26,2,1,193577.113024       ,443886.239093       ,
137,서울시립영보노인요양원,경기도 용인시 처인구 이동면 묵리 ,,20160213,운영중,,,,,,,92,,,,,
138,보라매노인요양원,서울특별시 동작구 신대방동 345-10번지 ,,20100507,운영중,,,,,,,26,,,193577.113024       ,443886.239093       ,
139,수원보훈요양원,경기도 수원시 장안구 하광교동 428번지 ,,20100101,운영중,,,,,,,200,8,103,202225.324824       ,421819.784956       ,
140,성심의집 치매노인요양센터,서울특별시 동작구 상도동 7-55번지 ,,20090101,운영중,,,,,,,22,0,15,195822.746464       ,444769.855277       ,
141,종암요양원,서울특별시 성북구 종암동 ,,20160314,운영중,,,,,,,15,,3,,,운영
142,닥터참사랑요양원,서울특별시 용산구 원효로2가 ,,20170101,운영중,,,,,,,22,,13,,,운영
143,섬기는 실버 하우스,서울특별시 금천구 시흥동 비즈메드빌딩 ,,20170213,운영중,,,,,,,29,,12,,,운영
144,갈현 효 요양원,서울특별시 은평구 갈현동 ,,20180101,운영중,,,,,,,24,,5,,,운영
145,올리사랑 요양원,서울특별시 양천구 신월동 정세빌딩 3.4.5 층 ,,20180301,운영중,,,,,,,24,17,19,,,운영
146,나은요양원,서울특별시 관악구 신림동 ,,20180102,운영중,,,,,,,13,,,,,운영
147,행복마지요양원,서울특별시 강서구 화곡동 ,,20140715,운영중,,,,,,,29,,,,,운영
148,요안나요양원,서울특별시 강서구 화곡동 ,,20130701,운영중,,,,,,,87,,,,,운영
149,봄날강서요양원,서울특별시 강서구 방화동 ,,20131015,운영중,,,,,,,27,,,,,운영
150,선화요양원,서울특별시 강서구 등촌동 ,,20131125,운영중,,,,,,,42,,,,,운영
151,요안나복지센터,"서울특별시 강서구 화곡동 73-49번지 4층,5층 ",,20100301,운영중,,,,,,,33,1,15,186352.550071       ,449495.065765       ,운영
152,성모실버센터,서울특별시 강서구 화곡동 775-5번지 ,,20100301,운영중,,,,,,,56,1,21,187851.907513       ,447977.52187        ,운영
153,봄날서울요양원,서울특별시 강서구 방화동 486-6번지 ,,20100507,운영중,,,,,,,124,,,183087.143468       ,452456.96363        ,운영
154,(주)에프디에이서울지점 행복마지,"서울특별시 강서구 화곡동 342-35번지 근상프리즘 108호,2층 ",,20100720,운영중,,,,,,,26,1,5,186447.878194       ,447694.422765       ,운영
155,참사랑실버케어,서울특별시 강서구 화곡동 970-2번지 ,,20090727,운영중,,,,,,,39,5,6,186614.431264       ,449481.253638       ,운영
156,한사랑요양원,서울특별시 강서구 화곡동 372-18번지 ,,20090904,운영중,,,,,,,26,6,7,185532.406459       ,448172.158928       ,운영
157,강서맑은노인요양원,서울특별시 강서구 화곡동 111-70번지 두산빌딩 ,,20100301,운영중,,,,,,,22,,20,186166.336267       ,449256.268764       ,운영
158,한마음노인전문요양원,서울특별시 강서구 화곡동 58-11번지 ,,20090107,운영중,,,,,,,26,12,12,186506.119717       ,448757.560525       ,운영
159,봄날실버센터,서울특별시 강서구 방화동 592-23번지 ,,20090320,운영중,,,,,,,42,17,18,183273.715884       ,451865.513591       ,운영
160,시니어스 너싱홈,서울특별시 강서구 등촌동 637번지 ,,20080501,운영중,,,,,,,56,9,21,187494.079333       ,450527.699601       ,운영
161,호선실버센터,서울특별시 강서구 내발산동 ,,20080227,운영중,,,,,,,110,3,4,,,운영
162,한마음노인전문요양원,서울특별시 강서구 화곡동 24-571번지 ,,20080401,운영중,,,,,,,14,2,5,186412.970138       ,449581.397185       ,운영
163,행복한 집,서울특별시 강서구 개화동 477-20번지 ,,20060627,운영중,,,,20140304,,,25,0,11,182305.160048       ,452967.620503       ,운영
164,천사노인전문요양원,서울특별시 강서구 화곡동 1010번지 ,,20041015,운영중,,,,,,,58,1,34,185244.365896       ,449395.774375       ,운영
165,천사노인요양센터,서울특별시 강서구 화곡동 1010번지 ,,20030422,운영중,,,,,,,33,1,23,185244.365896       ,449395.774375       ,운영
166,천사노인요양원,서울특별시 강서구 화곡동 1010번지 ,,19860701,운영중,,,,,,,161,1,28,185244.365896       ,449395.774375       ,운영
167,마추미실버케어 응암점,"서울특별시 은평구 응암동 301호,401호,501호 ",,20120830,운영중,,,,,,,32,4,4,,,운영
168,써니요양원,서울특별시 은평구 신사동 ,,20121022,운영중,,,,,,,38,4,,,,운영
169,은평효실버요양원,서울특별시 은평구 역촌동 85-1번지 ,,20110920,운영중,,,,,,,22,4,2,192493.098532       ,455371.370187       ,운영
170,새소망너싱홈,"서울특별시 은평구 갈현동 460-8번지 보성빌딩 4층,5층,6층 ",,20100621,운영중,,,,,,,71,2,5,192761.348927       ,457225.218523       ,운영
171,은평진요양원,서울특별시 은평구 대조동 15-87번지 5층 ,,20100304,운영중,,,,,,,15,2,,193590.75637        ,456302.927377       ,운영
172,한마음실버홈종합복지센터,서울특별시 은평구 역촌동 62-1번지 4층 ,,20100304,운영중,,,,,,,30,2,2,192429.140309       ,455926.64938        ,운영
173,노블요양센터,서울특별시 은평구 응암동 104-7번지 2층 ,,20100304,운영중,,,,,,,24,2,3,192972.51036        ,455129.703361       ,운영
174,엘림요양원,서울특별시 은평구 녹번동 160-32번지 ,,20100304,운영중,,,,,,,36,20,6,193105.632502       ,455543.004491       ,운영
175,은평노인간호센터,서울특별시 은평구 갈현동 492-11번지 ,,20090831,운영중,,,,,,,49,23,23,192359.293562       ,456973.93173        ,운영
176,해피안,서울특별시 은평구 구산동 7-54번지 ,,20090918,운영중,,,,,,,21,5,5,192303.582634       ,456541.68177        ,운영
177,붓다마을,서울특별시 은평구 진관동 250번지 ,,20090703,운영중,,,,,,,271,111,52,194467.839122       ,459654.72841        ,운영
178,호암마을,서울특별시 은평구 진관동 250번지 ,,20090710,운영중,,,,,,,12,4,4,194467.839122       ,459654.72841        ,운영
179,예수마을,서울특별시 은평구 진관동 250번지 ,,20090710,운영중,,,,,,,10,4,4,194467.839122       ,459654.72841        ,운영
180,서부엘림노인전문요양원,서울특별시 은평구 녹번동 160-32번지 ,,20081117,운영중,,,,,,,29,15,15,193105.632502       ,455543.004491       ,운영
181,자비의 집,서울특별시 은평구 녹번동 81-21번지 ,,20071204,운영중,,,,,,,25,8,13,193391.191128       ,455715.914227       ,운영
182,녹번실버홈,서울특별시 은평구 녹번동 31-14번지 ,,20070613,운영중,,,,,,,9,2,5,194099.785634       ,455767.090864       ,운영
183,마추미실버케어 응암점,"서울특별시 은평구 응암동 메트로타워 3층,4층,5층,10층.11층 ",,20131004,운영중,,,,,,,55,19,20,,,운영
184,노블케어스,서울특별시 은평구 녹번동 ,,20131108,운영중,,,,,,,170,42,21,,,운영
185,마추미수색실버케어센터,서울특별시 은평구 수색동 ,,20140129,운영중,,,,,,,28,,,,,운영
186,노블타운 요양원,서울특별시 은평구 녹번동 ,,20140407,운영중,,,,,,,99,6,1,,,운영
187,삶과돌봄요양원,서울특별시 은평구 갈현동 삶과돌봄 요양원 ,,20141121,운영중,,,,,,,27,4,1,,,운영
188,은평요양원,서울특별시 은평구 역촌동 ,,20150421,운영중,,,,,,,36,,,,,운영
189,강안너싱홈,서울특별시 은평구 구산동 215-18번지 ,,20050507,운영중,,,,,,,12,,1,192284.031603       ,456650.501786       ,운영
190,정원치매노인요양센터,경기도 파주시 광탄면 분수리 28-16번지 ,,19961106,운영중,,,,,,,168,15,61,189973.912023       ,472402.116965       ,운영
191,정원노인요양원,경기도 파주시 광탄면 분수리 28-15번지 ,,19890418,운영중,,,,,,,112,7,20,189954.513762       ,472488.809331       ,운영
192,노블케어스,서울특별시 은평구 녹번동 154-41번지 ,,20080618,운영중,,,,,,,48,9,9,193297.480916       ,455712.079064       ,운영
193,온누리요양센터,경기도 용인시 처인구 양지면 주북리 1-1번지 ,,20080428,운영중,,,,20150101,,,0,,,224778.557856       ,415948.840136       ,운영
194,구립한남노인요양원,서울특별시 용산구 한남동 820번지 ,,20130402,운영중,,,,,,,81,50,51,200881.190528       ,448149.750451       ,운영
195,구립용산노인전문요양원,서울특별시 용산구 효창동 3-306번지 ,,20101030,운영중,,,,,,,71,3,42,196534.76841        ,449431.890045       ,운영
196,구립한남노인요양원,서울특별시 용산구 한남동 ,,20140829,운영중,,,,,,,81,43,54,,,운영
197,원효원,서울특별시 용산구 신창동 ,,20141126,운영중,,,,,,,20,,12,,,운영
198,메디힐요양원,서울특별시 양천구 신월동 ,,20130318,운영중,,,,,,,43,22,22,,,운영
199,목동 참그린요양원,서울특별시 양천구 신정동 에벤에셀프라자 6층 ,,20140701,운영중,,,,,,,66,11,11,,,운영
200,사랑초요양원,서울특별시 양천구 신월동 ,,20140731,운영중,,,,,,,119,22,25,,,운영
201,실버캐슬요양타운,서울특별시 양천구 신월동 982-5번지 실버캐슬요양타운빌딩 ,,20120510,운영중,,,,,,,49,27,31,185415.201298       ,446012.283672       ,운영
202,애린요양홈,서울특별시 양천구 목동 ,,20120521,운영중,,,,,,,8,1,4,,,운영
203,정다운요양원,서울특별시 양천구 신정동 ,,20120524,운영중,,,,,,,29,1,18,,,운영
204,애린요양원,서울특별시 양천구 목동 ,,20110719,운영중,,,,,,,35,2,18,,,운영
205,신월실버파크1호,서울특별시 양천구 신월동 226-8번지 승욱빌딩 2층 ,,20110906,운영중,,,,,,,9,1,4,185444.060673       ,447512.371737       ,운영
206,이정다운요양원,"서울특별시 양천구 신정동 988-2번지 2층,3층 ",,20110112,운영중,,,,,,,21,1,11,187604.386604       ,447028.751385       ,운영
207,구립양천어르신요양센터,서울특별시 양천구 신정동 ,,20110211,운영중,,,,,,,80,3,51,,,운영
208,신목행복자리어르신요양센터,서울특별시 양천구 신정동 1279-1번지 ,,20100201,운영중,,,,,,,21,2,11,189026.840807       ,446218.057301       ,운영
209,신월실버케어센터,서울특별시 양천구 신월동 116-31번지 백석빌딩 2층 ,,20100301,운영중,,,,,,,49,2,14,185601.177786       ,447564.188636       ,운영
210,사랑마을,서울특별시 양천구 신월동 971-5번지 ,,20100301,운영중,,,,,,,21,2,8,185292.847527       ,446569.776371       ,운영
211,양천어르신종합복지관병설양천어르신요양센터,서울특별시 양천구 신정동 325-3번지 ,,20100301,운영중,,,,,,,17,2,12,187422.69           ,445372.815          ,운영
212,실버캐슬 요양타운,"서울특별시 양천구 신월동 982-5번지 담을빌딩4층전체,5층일부(501.502) ",,20091112,운영중,,,,,,,45,5,5,185415.201298       ,446012.283672       ,운영
213,애린노인전문요양센터,서울특별시 양천구 목동 734-16번지 ,,20091202,운영중,,,,,,,25,11,11,188017.393183       ,448180.611246       ,운영
214,양천 사랑마루,서울특별시 양천구 신월동 231-12번지 ,,20080218,운영중,,,,,,,41,4,9,185434.054757       ,447359.410974       ,운영
215,두엄자리,서울특별시 양천구 목동 318-6번지 ,,19861214,운영중,,,,,,,22,1,4,188067.501128       ,449086.051174       ,운영
216,효도의집,서울특별시 양천구 신정동 998-1번지 ,,20041018,운영중,,,,,,,8,1,3,187734.302493       ,446906.851227       ,운영
217,이암요양원,"서울특별시 성동구 상왕십리동 천리교혜성교회 5층, 6층 ",,20120810,운영중,,,,,,,49,5,5,,,운영
218,금호노인요양원,"서울특별시 성동구 금호동4가 188번지 정은타워 B02호, 201호, 301호 ",,20100301,운영중,,,,,,,46,1,2,202162.815721       ,449473.802515       ,운영
219,동서울요양원,서울특별시 성동구 용답동 235-8번지 영축빌딩 2층 ,,20100318,운영중,,,,,,,11,1,4,205861.778324       ,450912.302559       ,운영
220,시립동부노인전문요양센터,서울특별시 성동구 홍익동 16-1번지 ,,20050816,운영중,,,,,,,250,0,0,202826.458815       ,451696.34801        ,운영
221,옥수노인간호센터실버빌,서울특별시 성동구 옥수동 250-2번지 ,,20080721,운영중,,,,,,,9,2,5,201278.992616       ,449053.881872       ,운영
222,옥수노인간호센타 실버빌,서울특별시 성동구 옥수동 250-2번지 ,,20070814,운영중,,,,,,,0,3,5,201278.992616       ,449053.881872       ,운영
223,시립 동부노인전문요양센터,서울특별시 성동구 홍익동 16-1번지 ,,20050816,운영중,,,,,,,250,30,136,202826.458815       ,451696.34801        ,운영
224,시립동부노인전문요양센터,서울특별시 성동구 홍익동 ,,20050816,운영중,,,,,,,296,85,145,,,운영
225,연희시니어스,서울특별시 서대문구 연희동 ,,20120927,운영중,,,,,,,66,,,,,운영
226,앤디스노인요양시설,서울특별시 서대문구 연희동 125-11번지 ,,20110401,운영중,,,,,,,26,2,8,193721.461389       ,451795.21625        ,운영
227,효담요양원,서울특별시 서대문구 홍은동 437-1번지 ,,20100728,운영중,,,,,,,70,2,35,194596.330125       ,454884.966168       ,운영
228,서울여자간호대학 실버케어스,서울특별시 서대문구 홍제동 287-89번지 ,,20101101,운영중,,,,,,,82,1,46,195292.316948       ,455023.54241        ,운영
229,연희노인요양센터,서울특별시 서대문구 연희동 446-188번지 ,,20110211,운영중,,,,,,,10,2,4,192898.112387       ,451649.405613       ,운영
230,서대문노인복지관 요양센터,서울특별시 서대문구 천연동 117-3번지 ,,20100301,운영중,,,,,,,24,3,2,196318.858271       ,451753.450415       ,운영
231,홍은노인요양시설,서울특별시 서대문구 홍은동 11-102번지 ,,20100301,운영중,,,,,,,21,2,8,195356.653905       ,455349.056992       ,운영
232,애린실버,서울특별시 서대문구 연희동 87-13번지 ,,20100301,운영중,,,,,,,21,1,8,194162.721081       ,451933.926399       ,운영
233,구립서대문노인전문요양센터,서울특별시 서대문구 홍은동 4번지 ,,20090817,운영중,,,,,,,78,39,43,196044.108823       ,455096.804072       ,운영
234,백산노인요양원,서울특별시 서대문구 홍은동 405-8번지 ,,20080116,운영중,,,,,,,28,4,12,193697.278145       ,452831.074682       ,운영
235,연희실버,서울특별시 서대문구 연희동 200-52번지 ,,20080318,운영중,,,,,,,30,6,15,193757.909383       ,452335.253884       ,운영
236,샤론실버,서울특별시 서대문구 연희동 132-6번지 ,,20070611,운영중,,,,,,,31,4,13,194149.264555       ,452457.991849       ,운영
237,연희실버홈,서울특별시 서대문구 연희동 200-20번지 ,,20030818,운영중,,,,,,,33,4,12,193780.034519       ,452194.018492       ,운영
238,중앙소규모요양시설(나 형),서울특별시 서대문구 합동 31-11번지 ,,20070320,운영중,,,,,,,24,7,15,196840.4233         ,450960.611119       ,운영
239,실버케어스(홍제),서울특별시 서대문구 홍제동 287-89번지 ,,20010910,운영중,,,,,,,80,15,42,195292.316948       ,455023.54241        ,운영
240,노인요양시설 실버스토리,서울특별시 서대문구 홍은동 ,,20140501,운영중,,,,,,,117,36,45,193998.104669       ,453150.854122       ,운영
241,참사랑실버케어,서울특별시 강서구 화곡동 ,,20160316,운영중,,,,,,,41,23,5,,,운영
242,우리네요양원,서울특별시 강북구 번동 ,,20161020,운영중,,,,,,,11,4,4,,,운영
243,실버빌노인요양원2호점,서울특별시 도봉구 창동 ,,20170103,운영중,,,,,,,23,,,,,운영
244,서울실버재활요양원,서울특별시 도봉구 도봉동 ,,20180108,운영중,,,,,,,99,,,,,운영
245,러빙케어,"서울특별시 노원구 상계동 상계동센트럴타워 207, 307호",,20180101,운영중,,,,,,,28,14,15,,,운영
246,행복가득요양원,서울특별시 서대문구 북가좌동 ,,20171101,운영중,,,,,,,25,,15,,,운영
247,정진요양원,서울특별시 성북구 정릉동 정진빌딩 ,,20180201,운영중,,,,,,,49,,,,,운영
248,가산노인요양원,경기도 부천시 원미구 상동 아트프라자 206호 ,,20130201,운영중,,,,,,,29,,,,,운영
249,어르신요양센터,"경기도 용인시 수지구 풍덕천동 945 신건프라자 4,5층 ",,20100301,운영중,,,,,,,49,,,,,운영
250,우리요양원,경기도 군포시 산본동 1097번지 진달래각 3층 ,,20120910,운영중,,,,,,,29,,14,193761.997435       ,429149.380065       ,운영
251,우리요양원,경기도 군포시 산본동 1097번지 3층 ,,20120911,운영중,,,,,,,29,,,193761.997435       ,429149.380065       ,운영
252,덕수노인센터,서울특별시 영등포구 영등포동4가 153-1번지 ,,20110311,운영중,,,,,,,24,1,10,191256.01717        ,446425.984843       ,운영
253,샬롬요양원,경기도 부천시 원미구 상동 531-3 광장프라자5층 ,,20090605,운영중,,,,,,,35,,,,,운영
254,구립영등포실버케어센터,서울특별시 영등포구 신길동 242-7번지 ,,20100301,운영중,,,,,,,16,1,8,192266.803112       ,444749.738015       ,운영
255,사랑요양원,서울특별시 영등포구 양평동1가 120-40번지 ,,20100301,운영중,,,,,,,41,2,20,190153.93098        ,446853.631192       ,운영
256,노인요양시설고향,경기도 부천시 원미구 상동 533-3번지 아트프라자 3층 ,,20070627,운영중,,,,,,,,,,,,운영
257,은혜실버센터,경기도 부천시 원미구 상동 544-1번지 ,,20100301,운영중,,,,,,,,,,,,운영
258,글라라의집,경기도 시흥시 조남동 174-27번지 ,,20080611,운영중,,,,,,,,,,187255.163494       ,431252.502611       ,운영
259,사랑채노인전문요양원,경기도 고양시 덕양구 대자동 241-6번지 ,,20061026,운영중,,,,,,,,,,189735.749005       ,463302.664022       ,운영
260,바다의별 요양원,인천광역시 강화군 선원면 선행리 176-1번지 ,,20100430,운영중,,,,,,,,,,153567.883768       ,469376.285953       ,운영
261,천안원광소규모노인종합센터,충청남도 천안시 서북구 직산읍 남산리 203-12번지 ,,20090722,운영중,,,,,,,,,,215857.241288       ,377236.508457       ,운영
262,미리내요양원,경기도 용인시 처인구 이동면 묘봉리 83번지 ,,20100301,운영중,,,,,,,,1,,221495.127561       ,402950.54934        ,운영
263,구립영등포노인케어센터,서울특별시 영등포구 문래동3가 76-2번지 ,,20080401,운영중,,,,,,,65,3,38,190237.551919       ,446074.517659       ,운영
264,대명요양센터,서울특별시 영등포구 양평동4가 68-1번지 ,,20080627,운영중,,,,,,,49,,35,190743.640805       ,448249.539986       ,운영
265,서울특별시립 엘림노인전문요양원,경기도 군포시 산본동 1100번지 ,,20050103,운영중,,,,,,,190,4,82,193312.818907       ,429325.532881       ,운영
266,서울특별시립 엘림요양원,경기도 군포시 산본동 1100번지 ,,19970901,운영중,,,,,,,50,0,19,193312.818907       ,429325.532881       ,운영
267,봄날북한산요양원,서울특별시 강북구 수유동 ,,20150724,운영중,,,,,,,121,4,2,,,운영
268,구로 미가 요양원,서울특별시 구로구 천왕동 ,,20151230,운영중,,,,,,,21,,3,,,운영
269,한솔요양원,서울특별시 성북구 하월곡동 401호,,20160913,운영중,,,,,,,29,10,2,,,운영
270,큰사랑노인요양원,서울특별시 도봉구 방학동 렉시온프라자 ,,20170906,운영중,,,,,,,28,,,,,운영
271,푸른요양원2호점,서울특별시 강북구 수유동 ,,20170901,운영중,,,,,,,27,,,,,운영
272,청화요양원,서울특별시 성북구 정릉동 ,,20140109,운영중,,,,,,,36,,3,,,운영
273,보문요양원,"서울특별시 성북구 안암동1가 (안암동1가, 2층~5층) ",,20140127,운영중,,,,,,,29,,13,,,운영
274,성신노인요양원,서울특별시 성북구 동소문동7가 8-2번지 ,,20120921,운영중,,,,,,,26,5,5,201258.563067       ,454876.22275        ,운영
275,케어윌,서울특별시 성북구 보문동7가 105-1번지 ,,20100721,운영중,,,,,,,110,1,8,201932.017827       ,453071.709293       ,운영
276,백마요양원,서울특별시 성북구 종암동 16-11번지 ,,20110304,운영중,,,,,,,25,1,1,203062.931111       ,455171.360799       ,운영
277,진각노인요양센터,서울특별시 성북구 하월곡동 22-38번지 ,,20090918,운영중,,,,,,,120,1,68,203587.237742       ,455861.243327       ,운영
278,길음안나의집 노인전문요양원,서울특별시 성북구 길음동 ,,20100208,운영중,,,,,,,60,1,31,,,운영
279,부모섬김노인요양원,서울특별시 성북구 하월곡동 77-221번지 로만프라자 3층 ,,20100302,운영중,,,,,,,29,1,12,203083.917721       ,456503.492477       ,운영
280,성북노인요양원,서울특별시 성북구 삼선동4가 9번지 ,,20100302,운영중,,,,,,,22,1,7,200882.542886       ,454095.061423       ,운영
281,보문요양원,서울특별시 성북구 안암동1가 245-4번지 ,,20100625,운영중,,,,,,,29,2,3,201763.457193       ,453897.914193       ,운영
282,부모섬김노인요양원,서울특별시 성북구 하월곡동 77-221번지 ,,20090211,운영중,,,,,,,18,4,12,203083.917721       ,456503.492477       ,운영
283,참사랑요양원,서울특별시 성북구 돈암동 609-1번지 한진아파트 스포츠센터 5305호 ,,20090806,운영중,,,,,,,29,1,10,200841.72699        ,454721.50518        ,운영
284,일광노인요양센터,서울특별시 성북구 삼선동3가 33-4번지 ,,20080317,운영중,,,,,,,29,2,15,201121.407158       ,453849.458763       ,운영
285,정릉노인요양원,서울특별시 성북구 정릉동 640-25번지 ,,20080825,운영중,,,,,,,54,1,28,200150.841076       ,455951.920577       ,운영
286,순애노인전문요양원,경기도 고양시 덕양구 관산동 10번지 ,,19990315,운영중,,,,,,,114,9,40,188793.367708       ,467816.125961       ,운영
287,순애시니어타운,경기도 고양시 덕양구 관산동 10번지 ,,19911105,운영중,,,,,,,65,7,18,188793.367708       ,467816.125961       ,운영
288,한솔요양원,서울특별시 성북구 하월곡동 59-2번지 ,,20090924,운영중,,,,,,,15,3,4,203319.551117       ,455870.94094        ,운영
289,워커힐케어센터3,서울특별시 광진구 광장동 ,,20151019,운영중,,,,,,,46,5,,,,운영
290,수명산요양원,서울특별시 강서구 내발산동 수명산요양원 ,,20151019,운영중,,,,,,,63,9,12,,,운영
291,워커힐케어센터2,서울특별시 광진구 광장동 ,,20151123,운영중,,,,,,,46,,29,,,운영
292,강서사랑요양원,서울특별시 강서구 화곡동 ,,20160201,운영중,,,,,,,56,5,1,,,운영
293,섬기는 실버하우스,서울특별시 금천구 시흥동 ,,20170817,운영중,,,,,,,29,,,,,운영
294,더시그넘하우스 너싱홈,서울특별시 강남구 자곡동 ,,20170804,운영중,,,,,,,60,5,7,,,운영
295,러빙케어요양원,"서울특별시 노원구 상계동 상계동센트럴타워 207, 307호",,20171101,운영중,,,,,,,28,14,14,,,운영
296,강남구립 논현노인종합복지관 노인요양센터,서울특별시 강남구 논현동 125-13번지 ,,20100512,운영중,,,,,,,29,,,202240.197649       ,445534.277039       ,운영
297,큰사랑라이프케어센터,서울특별시 강남구 신사동 519-4번지 ,,20100901,운영중,,,,,,,49,,,201791.124557       ,446393.815546       ,운영
298,강남요양원,서울특별시 강남구 신사동 519-4번지 ,,20100908,운영중,,,,,,,49,,,201791.124557       ,446393.815546       ,운영
299,구립 역삼노인요양센터,서울특별시 강남구 역삼동 781-34번지 ,,20090825,운영중,,,,,,,14,5,6,203630.63           ,443595.86           ,운영
300,강남실버센터,서울특별시 강남구 삼성동 66번지 ,,20100101,운영중,,,,20140630,,,20,16,18,204538.320575       ,445982.691148       ,운영
301,논골노인복지관 노인요양센터,서울특별시 강남구 논현동 125-13번지 ,,20080901,운영중,,,,,,,31,12,16,202240.197649       ,445534.277039       ,운영
302,광림노인전문요양원,강원도 춘천시 서면 안보리 863번지 ,,20020304,운영중,,,,,,,100,20,32,252596.410085       ,482189.566101       ,운영
303,큰사랑,서울특별시 강남구 포이동 164-10번지 ,,20051222,운영중,,,,,,,90,9,22,,,운영
304,큰사랑,서울특별시 강남구 세곡동 122-6번지 ,,20001220,운영중,,,,,,,48,17,26,209369.294252       ,440242.330756       ,운영
305,큰사랑요양원,서울특별시 강남구 개포동 ,,20140901,운영중,,,,,,,110,,52,,,운영
306,국민건강보험공단 서울요양원,서울특별시 강남구 세곡동 ,,20141023,운영중,,,,,,,150,,,,,운영
307,시립송파노인전문요양원,서울특별시 송파구 삼전동 ,,20100201,운영중,,,,,,,93,5,48,,,운영
308,송파치매케어센터,서울특별시 송파구 삼전동 172-2번지 ,,20100301,운영중,,,,,,,28,1,14,208319.678938       ,444056.564731       ,운영
309,인애가,서울특별시 송파구 오금동 77-16번지 ,,20090619,운영중,,,,,,,20,5,14,211884.241263       ,444792.433197       ,운영
310,굿모닝케어노인전문요양원,서울특별시 송파구 오금동 158-17번지 ,,20091026,운영중,,,,,,,49,3,25,212265.19479        ,444032.46657        ,운영
311,구립송파노인요양센터,서울특별시 송파구 장지동 850-2번지 ,,20091201,운영중,,,,,,,130,36,38,211793.206232       ,442624.214826       ,운영
312,사랑마루 송파,서울특별시 송파구 석촌동 226-1번지 ,,20090312,운영중,,,,,,,18,3,3,208728.409991       ,444087.081203       ,운영
313,보눔케어요양원,서울특별시 송파구 석촌동 ,,20140422,운영중,,,,,,,110,17,11,,,운영
314,시립송파노인전문요양원,서울특별시 송파구 삼전동 172번지 ,,20031125,운영중,,,,,,,80,15,52,208326.213054       ,444106.176464       ,운영
315,청암노인요양원,서울특별시 송파구 마천동 52번지 ,,19780506,운영중,,,,,,,70,6,40,213180.801431       ,444366.040571       ,운영
316,메디치피아요양센터,서울특별시 구로구 고척동 ,,20121114,운영중,,,,,,,168,13,13,,,운영
317,구로하나요양원,서울특별시 구로구 개봉동 359-2번지 ,,20121206,운영중,,,,,,,99,15,14,187173.725729       ,442678.332549       ,운영
318,미소들실버케어센터,서울특별시 구로구 개봉동 ,,20140401,운영중,,,,,,,75,,,,,운영
319,구로푸른요양원,서울특별시 구로구 개봉동 ,,20140415,운영중,,,,,,,99,39,12,,,운영
320,삼농실버마을,서울특별시 구로구 오류동 ,,20140501,운영중,,,,,,,120,7,,,,운영
321,효도로 노인전문요양원,"서울특별시 구로구 고척동 73-3번지 8,9,10층 ",,20100629,운영중,,,,,,,170,4,17,187826.698184       ,443925.524686       ,운영
322,지케어노인요양센터,"서울특별시 구로구 고척동 강산메디칼프라자 6층, 7층 ",,20101108,운영중,,,,,,,29,1,5,,,운영
323,효도로시니어케어센터,서울특별시 구로구 고척동 73-3번지 ,,20090428,운영중,,,,,,,150,3,1,187826.698184       ,443925.524686       ,운영
324,미소들,서울특별시 구로구 개봉동 43-1번지 ,,20080229,운영중,,,,,,,35,9,14,185884.744012       ,444536.915883       ,운영
325,소망간호센터,서울특별시 구로구 구로동 317-31번지 ,,20080616,운영중,,,,,,,22,1,8,190088.204772       ,443277.356028       ,운영
326,효성요양원,"서울특별시 동대문구 용두동 휴병원 7층, 8층 ",,20130225,운영중,,,,,,,21,,,,,운영
327,한사랑실버케어요양원,서울특별시 동대문구 장안동 331-9번지 ,,20101208,운영중,,,,,,,29,14,17,206562.649225       ,452261.894728       ,운영
328,은천요양원,서울특별시 동대문구 장안동 ,,20080605,운영중,,,,,,,46,,,,,운영
329,미소지움요양원,서울특별시 동대문구 답십리동 1-548번지 창승빌딩 3층 ,,20100303,운영중,,,,,,,15,1,7,205806.630097       ,452671.744951       ,운영
330,경동효림요양원,서울특별시 동대문구 제기동 900-1번지 ,,20100303,운영중,,,,,,,24,1,2,203369.281853       ,453316.133765       ,운영
331,실버빌 전문요양원,서울특별시 동대문구 답십리동 268-1번지 ,,20090526,운영중,,,,,,,98,9,10,204913.895133       ,451846.732172       ,운영
332,유자원,서울특별시 동대문구 휘경동 44-4번지 ,,20091230,운영중,,,,,,,120,5,24,205821.272829       ,454049.001102       ,운영
333,은천요양원,서울특별시 동대문구 장안동 298-21번지 ,,20091230,운영중,,,,20140527,,,46,13,13,206198.871871       ,452582.925304       ,운영
334,경동노인요양원,서울특별시 동대문구 제기동 445번지 ,,20060824,운영중,,,,,,,25,7,7,203761.926574       ,453387.284508       ,운영
335,은천노인요양센터,서울특별시 동대문구 장안동 ,,20030325,운영중,,,,,,,29,6,17,,,운영
336,큰사랑노인요양원,서울특별시 도봉구 방학동 ,,20140122,운영중,,,,,,,28,7,8,,,운영
337,사랑방노인요양센터,서울특별시 도봉구 방학동 금천빌딩 ,,20140301,운영중,,,,,,,13,7,8,,,운영
338,참빛요양원,서울특별시 도봉구 쌍문동 ,,20140707,운영중,,,,,,,23,7,,,,운영
339,실버빌노인요양원,서울특별시 도봉구 창동 우진빌딩 ,,20141107,운영중,,,,,,,41,,2,,,운영
340,희망요양원,서울특별시 도봉구 창동 ,,20130611,운영중,,,,,,,29,3,3,,,운영
341,참빛요양센터,서울특별시 도봉구 쌍문동 참빛빌딩 ,,20140101,운영중,,,,,,,48,6,6,,,운영
342,노블실버 재활요양원,서울특별시 도봉구 방학동 ,,20120412,운영중,,,,,,,41,1,2,,,운영
343,그린요양원2호점,서울특별시 도봉구 방학동 201호,,20120622,운영중,,,,,,,30,,,,,운영
344,기쁨과나눔노인요양원,서울특별시 도봉구 쌍문동 ,,20120705,운영중,,,,,,,25,9,9,,,운영
345,참존요양원,서울특별시 도봉구 창동 창동리더스빌딩 ,,20130501,운영중,,,,,,,48,13,12,,,운영
346,실버존도봉요양원,서울특별시 도봉구 창동 750-2번지 창동리더스빌딩 6층 ,,20110321,운영중,,,,,,,28,,,203590.625561       ,461829.381555       ,운영
347,love사랑맞이요양원,서울특별시 도봉구 방학동 ,,20150420,운영중,,,,,,,24,,,,,운영
348,동그라미요양센터,서울특별시 도봉구 쌍문동 557번지 (춘광빌딩 4층) ,,20100301,운영중,,,,,,,16,,,203378.108454       ,461796.747682       ,운영
349,기쁨과나눔노인요양원,서울특별시 도봉구 쌍문동 708-10번지 ,,20100301,운영중,,,,,,,25,,,203470.637468       ,462087.995434       ,운영
350,다사랑노인요양원,서울특별시 도봉구 창동 700-8번지 우진빌딩 2층 ,,20100301,운영중,,,,,,,27,,,203368.370213       ,461050.596987       ,운영
351,행복드림요양원,"서울특별시 도봉구 도봉동 신성빌딩 2,3층 ",,20100524,운영중,,,,,,,25,1,,,,운영
352,도봉하루요양원,"서울특별시 도봉구 쌍문동 557번지 춘광빌딩 5,6층 ",,20100301,운영중,,,,,,,30,,,203378.108454       ,461796.747682       ,운영
353,(주)그린요양원2호점,서울특별시 도봉구 방학동 680-1번지 이정빌딩 2층 ,,20100301,운영중,,,,,,,31,,,203641.777149       ,462446.501603       ,운영
354,행복실버요양원,서울특별시 도봉구 방학동 670-14번지 하나빌딩 5층 ,,20100301,운영중,,,,,,,34,,,202969.089692       ,462207.753031       ,운영
355,도봉실버센터,서울특별시 도봉구 방학동 441-1번지 ,,20050101,운영중,,,,,,,119,14,62,202314.189643       ,462283.855407       ,운영
356,동작실버센터,서울특별시 동작구 본동 8-12번지 ,,20051019,운영중,,,,,,,68,10,33,196145.805108       ,445488.599162       ,운영
357,청운노인복지센터,서울특별시 동작구 상도동 290-1번지 ,,20030605,운영중,,,,,,,100,20,39,194037.627259       ,443768.504781       ,운영
358,동암실버센터,서울특별시 동작구 신대방동 586-13번지 ,,20070927,운영중,,,,,,,43,1,23,191872.217512       ,443235.442011       ,운영
359,효사랑요양원,서울특별시 관악구 봉천동 ,,20150428,운영중,,,,,,,,,,,,
360,강남한보리전문요양원,서울특별시 관악구 신림동 ,,20130926,운영중,,,,,,,53,,5,,,운영
361,관악실버케어,서울특별시 관악구 신림동 255-153번지 ,,20110214,운영중,,,,,,,17,2,8,194294.148248       ,440268.203871       ,운영
362,미성요양원,서울특별시 관악구 신림동 1480-5번지 ,,20090730,운영중,,,,,,,75,5,6,192340.734322       ,441895.098989       ,운영
363,법화노인요양원,서울특별시 관악구 신림동 610-455번지 ,,20091113,운영중,,,,,,,26,2,7,193292.589853       ,441578.12544        ,운영
364,사랑나눔요양원,서울특별시 관악구 신림동 570-2번지 2층 ,,20100301,운영중,,,,,,,18,9,,191612.791095       ,442164.010289       ,운영
365,관악노인종합사회복지관 병설 관악치매전문요양센터,서울특별시 관악구 봉천동 726-3번지 ,,20100301,운영중,,,,,,,23,,15,193407.50606        ,443419.216418       ,운영
366,행복의집 신림센터,서울특별시 관악구 신림동 487-7번지 6층 ,,20100301,운영중,,,,,,,12,,,192920.790987       ,442345.995549       ,운영
367,사랑나눔 요양원,서울특별시 관악구 신림동 570-2번지 ,,20080716,운영중,,,,,,,30,5,9,191612.791095       ,442164.010289       ,운영
368,선의노인요양센터,서울특별시 관악구 봉천동 1699-6번지 ,,20041130,운영중,,,,,,,16,9,13,195120.098575       ,443266.540001       ,운영
369,동명노인복지쎈타,서울특별시 관악구 봉천동 647-10번지 ,,20020129,운영중,,,,,,,90,0,43,194380.936993       ,442904.495884       ,운영
370,노블레스라이프요양원,서울특별시 중구 신당동 333-79번지 2~3층 ,,20140709,운영중,,,,,,,25,,,201086.643958       ,450686.476066       ,운영
371,온누리요양센터,경기도 용인시 처인구 양지면 주북리 441번지 ,,20141001,운영중,,,,,,,0,,,222256.14001        ,415508.573821       ,운영
372,대한적십자사 구립중구노인요양센터,서울특별시 중구 장충동2가 192-45번지 ,,20120928,운영중,,,,,,,47,,,199649.282463       ,450124.408847       ,운영
373,구립중구노인요양센터,서울특별시 중구 장충동2가 ,,20120928,운영중,,,,,,,60,,,,,운영
374,남산실버복지센터,서울특별시 중구 신당동 366-453번지 ,,20100202,운영중,,,,,,,10,,,200696.008313       ,449391.341799       ,운영
375,서울시니어스타워 너싱홈(주),서울특별시 중구 신당동 366-140번지 ,,20000824,운영중,,,,,,,0,0,0,200669.918448       ,449835.700328       ,운영
376,시니어스타워(주),서울특별시 중구 신당동 366-140번지 ,,20000824,운영중,,,,,,,0,0,0,200669.918448       ,449835.700328       ,운영
377,강동성모실버케어,서울특별시 강동구 길동 ,,20130930,운영중,,,,,,,53,,,,,운영
378,THE/더 어르신요양원,서울특별시 강동구 둔촌동 ,,20131001,운영중,,,,,,,29,,,,,운영
379,대한연세요양원,서울특별시 강동구 강일동 ,,20130213,운영중,,,,,,,132,,,,,운영
380,로뎀서울요양원,서울특별시 강동구 천호동 357번지 ,,20110221,운영중,,,,,,,70,2,3,211004.466691       ,448897.237548       ,운영
381,성암장수마을,서울특별시 강동구 천호동 26-18번지 ,,20110107,운영중,,,,,,,100,3,9,212535.550032       ,449601.844884       ,운영
382,강동노인복지관 치매요양원,서울특별시 강동구 명일동 48-10번지 ,,20100301,운영중,,,,,,,25,,,213562.879608       ,450018.46944        ,운영
383,그랜드너싱홈,서울특별시 강동구 길동 마루빌딩 301호,,20100301,운영중,,,,,,,20,,,,,운영
384,효미실버너싱,서울특별시 강동구 성내동 447-18번지 ,,20080509,운영중,,,,,,,25,5,8,211331.438891       ,446993.291073       ,운영
385,성모실버센터,서울특별시 강동구 길동 345-9번지 ,,20080908,운영중,,,,,,,53,11,17,212655.051595       ,448764.660042       ,운영
386,강동성모실버요양원,서울특별시 강동구 길동 ,,20150401,운영중,,,,,,,55,33,9,,,운영
387,참사랑노인요양원,서울특별시 강동구 성내동 548-5번지 ,,20090814,운영중,,,,,,,22,4,4,211159.429008       ,447276.508702       ,운영
388,강동실버사랑,서울특별시 강동구 암사동 472-19번지 ,,20100301,운영중,,,,,,,12,,,211729.369534       ,450006.11192        ,운영
389,엘림-노인요양원,서울특별시 서초구 내곡동 ,,20150921,운영중,,,,,,,16,11,,,,운영
390,가람요양센터,서울특별시 금천구 시흥동 ,,20151026,운영중,,,,,,,16,9,11,,,운영
391,A+행복한그린요양원,서울특별시 노원구 상계동 ,,20151103,운영중,,,,,,,20,5,1,,,운영
392,가족사랑요양원,서울특별시 강북구 수유동 ,,20160607,운영중,,,,,,,20,9,10,,,운영
393,늘봄시니어케어센터,서울특별시 구로구 구로동 ,,20161116,운영중,,,,,,,15,9,,,,운영
394,가족사랑요양원,서울특별시 금천구 시흥동 ,,20170526,운영중,,,,,,,29,,,,,운영
395,행복요양원,서울특별시 도봉구 도봉동 ,,20170605,운영중,,,,,,,29,,,,,운영
396,청춘요양원,서울특별시 도봉구 도봉동 ,,20170605,운영중,,,,,,,29,,,,,운영
397,미소사랑요양원,서울특별시 도봉구 도봉동 ,,20170605,운영중,,,,,,,29,,,,,운영
398,큰사랑요양원,서울특별시 도봉구 도봉동 ,,20170605,운영중,,,,,,,29,,,,,운영
399,효심요양원,서울특별시 도봉구 도봉동 ,,20170605,운영중,,,,,,,29,,,,,운영
400,은나무요양원,서울특별시 도봉구 도봉동 ,,20170605,운영중,,,,,,,29,,,,,운영
401,선한노인전문요양원,서울특별시 도봉구 창동 ,,20170607,운영중,,,,,,,39,,,,,운영
402,A플러스노아실버요양원,서울특별시 도봉구 방학동 ,,20170801,운영중,,,,,,,29,,,,,운영
403,행복마지요양원,서울특별시 강서구 화곡동 근상프리즘주상복합아파트 ,,20170609,운영중,,,,,,,29,,,,,운영
